Product,date,Sales,Price Discount (%),In-Store Promo,Catalogue Promo,Store End Promo,Google_Mobility,Covid_Flag,V_DAY,EASTER,CHRISTMAS
0,2017-02-05,27750,0.0,0,0,0,0.0,0,0,0,0
0,2017-02-19,45630,17.0,0,0,0,0.0,0,0,0,0
0,2017-02-26,26789,0.0,1,0,1,0.0,0,0,0,0
0,2017-03-05,41999,17.0,0,0,0,0.0,0,0,0,0
0,2017-03-12,29731,0.0,0,0,0,0.0,0,0,0,0
0,2017-03-19,27365,0.0,1,0,0,0.0,0,0,0,0
0,2017-03-26,27722,0.0,1,0,1,0.0,0,0,0,0
0,2017-04-02,44339,17.0,1,0,0,0.0,0,0,0,0
0,2017-04-23,30361,0.0,1,0,1,0.0,0,0,0,0
0,2017-04-30,42154,17.0,1,0,1,0.0,0,0,0,0
0,2017-05-07,39782,17.0,0,0,0,0.0,0,0,0,0
0,2017-05-14,29490,0.0,0,0,0,0.0,0,0,0,0
0,2017-05-21,25936,0.0,0,0,0,0.0,0,0,0,0
0,2017-05-28,26045,0.0,0,0,0,0.0,0,0,0,0
0,2017-06-04,25903,0.0,1,0,1,0.0,0,0,0,0
0,2017-06-11,43689,17.0,0,0,0,0.0,0,0,0,0
0,2017-06-18,25446,0.0,1,0,1,0.0,0,0,0,0
0,2017-06-25,42543,17.0,0,0,0,0.0,0,0,0,0
0,2017-07-02,27001,0.0,1,0,1,0.0,0,0,0,0
0,2017-07-09,45198,17.0,0,0,0,0.0,0,0,0,0
0,2017-07-16,28650,0.0,1,0,1,0.0,0,0,0,0
0,2017-07-23,42032,17.0,0,0,0,0.0,0,0,0,0
0,2017-07-30,27657,0.0,0,0,0,0.0,0,0,0,0
0,2017-08-06,26888,0.0,1,0,1,0.0,0,0,0,0
0,2017-08-13,46260,17.0,0,0,0,0.0,0,0,0,0
0,2017-08-20,29415,0.0,1,0,1,0.0,0,0,0,0
0,2017-08-27,50471,17.0,1,0,1,0.0,0,0,0,0
0,2017-09-03,49531,17.0,0,0,0,0.0,0,0,0,0
0,2017-09-10,30874,0.0,0,1,1,0.0,0,0,0,0
0,2017-09-17,82940,44.0,0,0,0,0.0,0,0,0,0
0,2017-09-24,34481,0.0,1,0,1,0.0,0,0,0,0
0,2017-10-08,31898,0.0,0,0,0,0.0,0,0,0,0
0,2017-10-15,33967,0.0,0,0,0,0.0,0,0,0,0
0,2017-10-22,33429,0.0,0,0,0,0.0,0,0,0,0
0,2017-10-29,34918,0.0,1,0,0,0.0,0,0,0,0
0,2017-11-12,57417,17.0,1,0,0,0.0,0,0,0,0
0,2017-11-19,60631,17.0,1,0,0,0.0,0,0,0,0
0,2017-11-26,64904,17.0,1,0,0,0.0,0,0,0,0
0,2017-12-10,71917,17.0,1,0,0,0.0,0,0,0,0
0,2018-01-07,41941,0.0,0,0,0,0.0,0,0,0,0
0,2018-01-14,37845,0.0,0,0,0,0.0,0,0,0,0
0,2018-01-21,43324,6.0,1,0,1,0.0,0,0,0,0
0,2018-01-28,65691,17.0,0,0,0,0.0,0,0,0,0
0,2018-02-04,35016,0.0,0,0,0,0.0,0,0,0,0
0,2018-02-18,55216,17.0,0,0,0,0.0,0,0,0,0
0,2018-02-25,33908,0.0,1,0,1,0.0,0,0,0,0
0,2018-03-04,51305,17.0,0,1,0,0.0,0,0,0,0
0,2018-03-18,51438,17.0,1,0,0,0.0,0,0,0,0
0,2018-03-25,54925,17.0,1,0,0,0.0,0,0,0,0
0,2018-04-01,79050,17.0,0,0,0,0.0,0,0,0,0
0,2018-04-15,34800,0.0,1,0,1,0.0,0,0,0,0
0,2018-04-22,56351,17.0,0,0,0,0.0,0,0,0,0
0,2018-04-29,34225,0.0,1,0,1,0.0,0,0,0,0
0,2018-05-06,49036,17.0,1,0,1,0.0,0,0,0,0
0,2018-05-13,52964,17.0,0,0,0,0.0,0,0,0,0
0,2018-05-20,34526,0.0,0,0,0,0.0,0,0,0,0
0,2018-05-27,33308,0.0,1,0,1,0.0,0,0,0,0
0,2018-06-03,49314,17.0,0,1,1,0.0,0,0,0,0
0,2018-06-10,84075,44.0,0,0,0,0.0,0,0,0,0
0,2018-06-17,32223,0.0,0,0,0,0.0,0,0,0,0
0,2018-06-24,32463,0.0,1,0,1,0.0,0,0,0,0
0,2018-07-01,51818,17.0,0,0,0,0.0,0,0,0,0
0,2018-07-08,35597,0.0,0,0,0,0.0,0,0,0,0
0,2018-07-15,35354,0.0,0,0,0,0.0,0,0,0,0
0,2018-07-22,35191,0.0,0,0,0,0.0,0,0,0,0
0,2018-07-29,33057,0.0,0,0,0,0.0,0,0,0,0
0,2018-08-05,32373,0.0,0,0,0,0.0,0,0,0,0
0,2018-08-12,31850,0.0,0,0,0,0.0,0,0,0,0
0,2018-08-19,31772,0.0,0,0,0,0.0,0,0,0,0
0,2018-08-26,29976,0.0,1,0,0,0.0,0,0,0,0
0,2018-09-02,52126,17.0,1,0,0,0.0,0,0,0,0
0,2018-09-09,48279,17.0,0,1,0,0.0,0,0,0,0
0,2018-09-23,49548,17.0,1,0,0,0.0,0,0,0,0
0,2018-09-30,67966,17.0,0,0,0,0.0,0,0,0,0
0,2018-10-07,33433,0.0,0,0,0,0.0,0,0,0,0
0,2018-10-14,31482,0.0,0,0,0,0.0,0,0,0,0
0,2018-10-21,32196,0.0,0,0,0,0.0,0,0,0,0
0,2018-10-28,32717,0.0,0,1,1,0.0,0,0,0,0
0,2018-11-11,51495,17.0,1,0,1,0.0,0,0,0,0
0,2018-11-18,52048,17.0,0,1,1,0.0,0,0,0,0
0,2018-11-25,52532,17.0,1,0,1,0.0,0,0,0,0
0,2018-12-16,80431,28.0,0,1,1,0.0,0,0,0,0
0,2019-01-06,40420,0.0,0,0,0,0.0,0,0,0,0
0,2019-01-13,34603,0.0,1,0,1,0.0,0,0,0,0
0,2019-01-20,48759,17.0,1,0,1,0.0,0,0,0,0
0,2019-01-27,58215,17.0,0,0,0,0.0,0,0,0,0
0,2019-02-03,30561,0.0,0,0,0,0.0,0,0,0,0
0,2019-02-17,48001,17.0,0,0,0,0.0,0,0,0,0
0,2019-02-24,30016,0.0,0,0,0,0.0,0,0,0,0
0,2019-03-03,30502,0.0,0,0,0,0.0,0,0,0,0
0,2019-03-10,32103,0.0,0,0,0,0.0,0,0,0,0
0,2019-03-17,29664,0.0,0,0,0,0.0,0,0,0,0
0,2019-03-24,28997,0.0,1,0,0,0.0,0,0,0,0
0,2019-03-31,52930,17.0,1,0,0,0.0,0,0,0,0
0,2019-04-14,59375,17.0,0,1,0,0.0,0,0,0,0
0,2019-04-28,31741,0.0,1,0,1,0.0,0,0,0,0
0,2019-05-05,43820,17.0,1,0,1,0.0,0,0,0,0
0,2019-05-12,46628,17.0,0,0,0,0.0,0,0,0,0
0,2019-05-19,28457,0.0,1,0,1,0.0,0,0,0,0
0,2019-05-26,40402,17.0,0,0,0,0.0,0,0,0,0
0,2019-06-02,28521,0.0,0,1,0,0.0,0,0,0,0
0,2019-06-09,85108,44.0,1,0,1,0.0,0,0,0,0
0,2019-06-16,44596,17.0,0,0,0,0.0,0,0,0,0
0,2019-06-23,30099,0.0,1,0,1,0.0,0,0,0,0
0,2019-06-30,46193,17.0,0,0,0,0.0,0,0,0,0
0,2019-07-07,31093,0.0,0,0,0,0.0,0,0,0,0
0,2019-07-14,31099,0.0,0,0,0,0.0,0,0,0,0
0,2019-07-21,31866,0.0,0,0,0,0.0,0,0,0,0
0,2019-07-28,31386,0.0,0,0,0,0.0,0,0,0,0
0,2019-08-04,29985,0.0,0,0,0,0.0,0,0,0,0
0,2019-08-11,31628,0.0,0,0,0,0.0,0,0,0,0
0,2019-08-18,33665,0.0,0,0,0,0.0,0,0,0,0
0,2019-08-25,34550,0.0,0,0,0,0.0,0,0,0,0
0,2019-09-01,36320,0.0,1,0,0,0.0,0,0,0,0
0,2019-09-08,55431,17.0,1,0,0,0.0,0,0,0,0
0,2019-09-15,57446,17.0,0,1,0,0.0,0,0,0,0
0,2019-09-22,58872,17.0,1,0,0,0.0,0,0,0,0
0,2019-09-29,69480,17.0,0,1,0,0.0,0,0,0,0
0,2019-10-13,36072,0.0,0,0,0,0.0,0,0,0,0
0,2019-10-20,37454,0.0,0,0,0,0.0,0,0,0,0
0,2019-10-27,37663,0.0,1,0,1,0.0,0,0,0,0
0,2019-11-03,60365,17.0,1,0,0,0.0,0,0,0,0
0,2019-11-10,67770,17.0,1,0,0,0.0,0,0,0,0
0,2019-11-17,70327,17.0,1,0,0,0.0,0,0,0,0
0,2019-11-24,72587,17.0,1,0,0,0.0,0,0,0,0
0,2019-12-08,82558,17.0,1,0,0,0.0,0,0,0,0
0,2020-01-05,41141,13.0,1,0,0,0.0,0,0,0,0
0,2020-01-12,34303,4.0,1,0,0,0.0,0,0,0,0
0,2020-01-19,47058,17.0,1,0,0,0.0,0,0,0,0
0,2020-01-26,58185,17.0,0,0,0,0.0,0,0,0,0
0,2020-02-02,30020,1.0,0,0,0,0.0,0,0,0,0
0,2020-02-09,29239,1.0,1,0,1,2.36,1,0,0,0
0,2020-02-23,29275,1.0,0,0,0,3.9,1,0,0,0
0,2020-03-01,35684,1.0,0,0,0,3.81,1,0,0,0
0,2020-03-08,36955,1.0,0,0,0,3.01,1,0,0,0
0,2020-03-15,56886,1.0,0,0,0,0.26,1,0,0,0
0,2020-03-22,77842,0.0,0,0,0,-15.7,1,0,0,0
0,2020-05-03,29536,1.0,0,0,0,-18.18,1,0,0,0
0,2020-05-10,31836,1.0,0,0,0,-15.91,1,0,0,0
0,2020-05-17,31406,1.0,0,0,0,-15.27,1,0,0,0
0,2020-05-24,71971,45.0,0,0,0,-13.24,1,0,0,0
0,2020-05-31,29177,3.0,0,0,0,-10.86,1,0,0,0
0,2020-06-07,30877,1.0,0,0,0,-10.13,1,0,0,0
0,2020-06-14,26244,1.0,0,0,0,-8.68,1,0,0,0
0,2020-06-21,25445,1.0,0,0,0,-8.57,1,0,0,0
0,2020-06-28,26410,1.0,0,0,0,-7.5,1,0,0,0
0,2020-07-05,26925,1.0,0,0,0,-8.04,1,0,0,0
0,2020-07-12,26973,1.0,0,0,0,-9.36,1,0,0,0
0,2020-07-19,25749,1.0,0,0,0,-8.77,1,0,0,0
0,2020-07-26,23891,1.0,0,0,0,-9.93,1,0,0,0
0,2020-08-02,25792,1.0,0,0,0,-11.65,1,0,0,0
0,2020-08-09,24543,1.0,0,0,0,-13.23,1,0,0,0
0,2020-08-23,23606,1.0,0,0,0,-19.41,1,0,0,0
0,2020-08-30,24346,1.0,1,0,0,-18.83,1,0,0,0
0,2020-09-06,51946,17.0,1,0,0,-16.44,1,0,0,0
0,2020-09-13,83565,44.0,1,0,0,-7.28,1,0,0,0
0,2020-09-20,50780,18.0,1,0,0,-9.87,1,0,0,0
0,2020-09-27,50644,17.0,1,0,0,-7.79,1,0,0,0
0,2020-10-04,55980,17.0,1,0,0,-9.73,1,0,0,0
0,2020-10-11,44587,17.0,1,0,0,-7.39,1,0,0,0
0,2020-10-18,43976,17.0,1,0,0,-7.56,1,0,0,0
0,2020-10-25,49593,17.0,0,0,0,-8.39,1,0,0,0
0,2020-11-01,33267,1.0,1,0,1,-7.43,1,0,0,0
0,2020-11-08,50159,17.0,1,0,1,-5.95,1,0,0,0
0,2020-11-15,51369,17.0,1,0,1,-7.2,1,0,0,0
0,2020-11-22,0,12.0,1,0,1,-5.96,1,0,0,0
0,2020-11-29,0,16.0,1,0,1,-5.3,1,0,0,0
0,2020-12-06,0,15.0,1,0,1,-4.38,1,0,0,0
0,2020-12-13,0,14.0,1,0,1,-4.74,1,0,0,0
0,2020-12-27,0,15.0,1,0,0,-6.95,1,0,0,0
1,2017-02-05,7180,25.0,1,0,0,0.0,0,0,0,0
1,2017-02-19,2753,0.0,0,0,0,0.0,0,0,0,0
1,2017-02-26,3062,0.0,1,0,0,0.0,0,0,0,0
1,2017-03-05,8342,25.0,0,0,0,0.0,0,0,0,0
1,2017-03-12,3124,0.0,0,1,0,0.0,0,0,0,0
1,2017-03-19,41915,50.0,0,0,0,0.0,0,0,0,0
1,2017-03-26,3226,3.0,1,0,0,0.0,0,0,0,0
1,2017-04-02,7618,25.0,0,0,0,0.0,0,0,0,0
1,2017-04-16,2463,0.0,1,0,0,0.0,0,0,0,0
1,2017-04-23,6547,25.0,0,1,0,0.0,0,0,0,0
1,2017-04-30,8290,25.0,0,0,0,0.0,0,0,0,0
1,2017-05-07,3390,0.0,0,0,0,0.0,0,0,0,0
1,2017-05-14,3450,0.0,0,1,0,0.0,0,0,0,0
1,2017-05-21,52122,50.0,1,0,0,0.0,0,0,0,0
1,2017-05-28,7256,28.0,0,0,0,0.0,0,0,0,0
1,2017-06-04,3081,0.0,0,1,1,0.0,0,0,0,0
1,2017-06-11,8604,25.0,0,0,0,0.0,0,0,0,0
1,2017-06-18,3232,0.0,0,1,0,0.0,0,0,0,0
1,2017-06-25,33566,50.0,0,0,0,0.0,0,0,0,0
1,2017-07-02,3232,5.0,0,0,0,0.0,0,0,0,0
1,2017-07-09,2560,0.0,1,0,0,0.0,0,0,0,0
1,2017-07-16,8489,25.0,0,0,0,0.0,0,0,0,0
1,2017-07-23,2990,0.0,0,1,0,0.0,0,0,0,0
1,2017-07-30,7956,25.0,0,0,0,0.0,0,0,0,0
1,2017-08-06,3071,0.0,0,0,0,0.0,0,0,0,0
1,2017-08-13,3098,0.0,0,0,0,0.0,0,0,0,0
1,2017-08-20,3078,0.0,1,0,0,0.0,0,0,0,0
1,2017-08-27,8376,25.0,0,0,0,0.0,0,0,0,0
1,2017-09-03,2626,0.0,0,0,0,0.0,0,0,0,0
1,2017-09-10,2617,0.0,0,0,0,0.0,0,0,0,0
1,2017-09-17,2572,0.0,1,0,0,0.0,0,0,0,0
1,2017-09-24,6877,25.0,0,0,0,0.0,0,0,0,0
1,2017-10-01,2242,0.0,1,0,0,0.0,0,0,0,0
1,2017-10-08,7041,25.0,0,0,0,0.0,0,0,0,0
1,2017-10-15,2523,3.0,1,0,0,0.0,0,0,0,0
1,2017-10-22,6905,25.0,0,1,1,0.0,0,0,0,0
1,2017-10-29,40527,50.0,0,0,0,0.0,0,0,0,0
1,2017-11-05,2636,3.0,1,0,0,0.0,0,0,0,0
1,2017-11-12,6184,25.0,0,0,0,0.0,0,0,0,0
1,2017-11-19,2521,0.0,0,0,0,0.0,0,0,0,0
1,2017-11-26,2380,0.0,1,0,0,0.0,0,0,0,0
1,2017-12-10,5278,25.0,0,0,0,0.0,0,0,0,0
1,2017-12-17,2007,3.0,0,0,0,0.0,0,0,0,0
1,2017-12-24,1453,0.0,1,0,0,0.0,0,0,0,0
1,2017-12-31,4940,25.0,0,0,0,0.0,0,0,0,0
1,2018-01-07,2156,3.0,0,0,0,0.0,0,0,0,0
1,2018-01-14,2305,3.0,0,1,0,0.0,0,0,0,0
1,2018-01-21,6406,25.0,0,0,0,0.0,0,0,0,0
1,2018-01-28,2267,0.0,0,0,0,0.0,0,0,0,0
1,2018-02-04,2583,0.0,0,1,1,0.0,0,0,0,0
1,2018-02-18,6613,28.0,0,0,0,0.0,0,0,0,0
1,2018-02-25,2620,0.0,0,0,0,0.0,0,0,0,0
1,2018-03-04,2805,0.0,0,0,0,0.0,0,0,0,0
1,2018-03-11,3069,0.0,1,0,0,0.0,0,0,0,0
1,2018-03-18,8464,25.0,0,0,0,0.0,0,0,0,0
1,2018-03-25,3318,0.0,0,0,0,0.0,0,0,0,0
1,2018-04-01,2651,0.0,0,1,0,0.0,0,0,0,0
1,2018-04-15,7697,25.0,0,0,0,0.0,0,0,0,0
1,2018-04-22,2867,0.0,0,1,0,0.0,0,0,0,0
1,2018-04-29,6534,25.0,0,0,0,0.0,0,0,0,0
1,2018-05-06,3679,3.0,0,1,0,0.0,0,0,0,0
1,2018-05-13,41316,50.0,1,0,0,0.0,0,0,0,0
1,2018-05-20,8430,28.0,0,1,0,0.0,0,0,0,0
1,2018-05-27,8539,25.0,0,1,1,0.0,0,0,0,0
1,2018-06-03,8834,25.0,0,0,0,0.0,0,0,0,0
1,2018-06-10,2930,0.0,0,0,0,0.0,0,0,0,0
1,2018-06-17,3420,0.0,0,1,1,0.0,0,0,0,0
1,2018-06-24,42002,50.0,1,0,0,0.0,0,0,0,0
1,2018-07-01,8320,25.0,0,0,0,0.0,0,0,0,0
1,2018-07-08,3387,0.0,1,0,0,0.0,0,0,0,0
1,2018-07-15,9878,25.0,0,0,0,0.0,0,0,0,0
1,2018-07-22,3468,0.0,1,0,0,0.0,0,0,0,0
1,2018-07-29,9613,25.0,0,0,0,0.0,0,0,0,0
1,2018-08-05,3901,0.0,1,0,0,0.0,0,0,0,0
1,2018-08-12,8664,25.0,0,0,0,0.0,0,0,0,0
1,2018-08-19,3395,0.0,1,0,0,0.0,0,0,0,0
1,2018-08-26,9024,25.0,0,0,0,0.0,0,0,0,0
1,2018-09-02,3725,3.0,0,0,0,0.0,0,0,0,0
1,2018-09-09,3139,3.0,0,0,0,0.0,0,0,0,0
1,2018-09-16,3126,0.0,1,0,0,0.0,0,0,0,0
1,2018-09-23,9301,25.0,0,0,0,0.0,0,0,0,0
1,2018-09-30,3053,3.0,0,1,0,0.0,0,0,0,0
1,2018-10-07,32900,50.0,1,0,0,0.0,0,0,0,0
1,2018-10-14,7386,25.0,0,0,0,0.0,0,0,0,0
1,2018-10-21,2990,0.0,0,0,0,0.0,0,0,0,0
1,2018-10-28,3269,0.0,0,0,0,0.0,0,0,0,0
1,2018-11-04,3304,0.0,0,0,0,0.0,0,0,0,0
1,2018-11-11,2825,0.0,1,0,0,0.0,0,0,0,0
1,2018-11-18,7680,25.0,0,0,0,0.0,0,0,0,0
1,2018-11-25,2747,3.0,0,0,0,0.0,0,0,0,0
1,2018-12-09,7022,25.0,0,0,0,0.0,0,0,0,0
1,2018-12-16,2609,0.0,0,0,0,0.0,0,0,0,0
1,2018-12-23,1976,3.0,0,0,0,0.0,0,0,0,0
1,2018-12-30,2027,0.0,0,0,0,0.0,0,0,0,0
1,2019-01-06,2642,0.0,0,0,0,0.0,0,0,0,0
1,2019-01-13,2808,0.0,0,1,0,0.0,0,0,0,0
1,2019-01-20,8978,25.0,1,0,0,0.0,0,0,0,0
1,2019-01-27,6950,25.0,0,0,0,0.0,0,0,0,0
1,2019-02-03,3019,0.0,0,0,0,0.0,0,0,0,0
1,2019-02-17,3055,0.0,0,1,0,0.0,0,0,0,0
1,2019-02-24,23327,50.0,1,0,0,0.0,0,0,0,0
1,2019-03-03,7084,25.0,1,0,0,0.0,0,0,0,0
1,2019-03-10,6714,25.0,0,0,0,0.0,0,0,0,0
1,2019-03-17,2744,0.0,0,0,0,0.0,0,0,0,0
1,2019-03-24,2900,0.0,0,1,0,0.0,0,0,0,0
1,2019-03-31,7817,25.0,0,0,0,0.0,0,0,0,0
1,2019-04-14,10895,25.0,0,0,0,0.0,0,0,0,0
1,2019-04-21,2178,0.0,1,0,0,0.0,0,0,0,0
1,2019-04-28,6349,25.0,0,0,0,0.0,0,0,0,0
1,2019-05-05,2628,0.0,0,1,0,0.0,0,0,0,0
1,2019-05-12,36674,50.0,1,0,0,0.0,0,0,0,0
1,2019-05-19,6838,28.0,0,0,0,0.0,0,0,0,0
1,2019-05-26,2598,0.0,0,1,0,0.0,0,0,0,0
1,2019-06-02,6743,25.0,0,0,0,0.0,0,0,0,0
1,2019-06-09,2423,0.0,0,0,0,0.0,0,0,0,0
1,2019-06-16,2779,0.0,0,1,0,0.0,0,0,0,0
1,2019-06-23,37065,50.0,1,0,0,0.0,0,0,0,0
1,2019-06-30,5908,28.0,0,0,0,0.0,0,0,0,0
1,2019-07-07,2349,0.0,0,0,0,0.0,0,0,0,0
1,2019-07-14,2569,0.0,1,0,0,0.0,0,0,0,0
1,2019-07-21,7718,25.0,0,0,0,0.0,0,0,0,0
1,2019-07-28,2867,0.0,1,0,0,0.0,0,0,0,0
1,2019-08-04,8486,25.0,0,0,0,0.0,0,0,0,0
1,2019-08-11,3004,0.0,1,0,1,0.0,0,0,0,0
1,2019-08-18,9897,25.0,0,0,0,0.0,0,0,0,0
1,2019-08-25,2580,0.0,0,0,0,0.0,0,0,0,0
1,2019-09-01,2743,0.0,1,0,0,0.0,0,0,0,0
1,2019-09-08,7933,25.0,1,0,0,0.0,0,0,0,0
1,2019-09-15,2748,3.0,1,0,0,0.0,0,0,0,0
1,2019-09-22,7533,25.0,1,0,0,0.0,0,0,0,0
1,2019-09-29,6829,25.0,1,0,0,0.0,0,0,0,0
1,2019-10-06,2461,0.0,0,1,1,0.0,0,0,0,0
1,2019-10-13,40111,50.0,1,0,0,0.0,0,0,0,0
1,2019-10-20,7766,25.0,1,0,0,0.0,0,0,0,0
1,2019-10-27,7209,25.0,0,0,0,0.0,0,0,0,0
1,2019-11-03,2585,0.0,0,0,0,0.0,0,0,0,0
1,2019-11-10,2907,0.0,0,0,0,0.0,0,0,0,0
1,2019-11-17,3026,0.0,0,1,1,0.0,0,0,0,0
1,2019-11-24,39870,50.0,1,0,0,0.0,0,0,0,0
1,2019-12-08,7215,25.0,0,0,0,0.0,0,0,0,0
1,2019-12-15,2339,3.0,0,0,0,0.0,0,0,0,0
1,2019-12-22,2178,0.0,0,0,0,0.0,0,0,0,0
1,2019-12-29,1714,0.0,0,0,0,0.0,0,0,0,0
1,2020-01-05,2506,1.0,0,0,0,0.0,0,0,0,0
1,2020-01-12,2870,1.0,1,0,0,0.0,0,0,0,0
1,2020-01-19,7374,25.0,0,1,0,0.0,0,0,0,0
1,2020-01-26,30409,50.0,1,0,0,0.0,0,0,0,0
1,2020-02-02,5152,15.0,1,0,0,0.0,0,0,0,0
1,2020-02-09,6993,25.0,0,0,0,2.36,1,0,0,0
1,2020-02-23,9823,26.0,1,0,0,3.9,1,0,0,0
1,2020-03-01,9807,26.0,0,0,0,3.81,1,0,0,0
1,2020-03-08,3759,1.0,0,0,0,3.01,1,0,0,0
1,2020-03-15,5999,1.0,0,0,0,0.26,1,0,0,0
1,2020-03-22,5403,0.0,0,0,0,-15.7,1,0,0,0
1,2020-05-03,3189,1.0,0,0,0,-18.18,1,0,0,0
1,2020-05-10,3298,1.0,0,0,0,-15.91,1,0,0,0
1,2020-05-17,3411,1.0,0,0,0,-15.27,1,0,0,0
1,2020-05-24,3424,1.0,0,0,0,-13.24,1,0,0,0
1,2020-05-31,3416,1.0,0,0,0,-10.86,1,0,0,0
1,2020-06-07,3181,1.0,0,0,0,-10.13,1,0,0,0
1,2020-06-14,3339,1.0,0,0,0,-8.68,1,0,0,0
1,2020-06-21,3425,1.0,0,0,0,-8.57,1,0,0,0
1,2020-06-28,3279,1.0,0,0,0,-7.5,1,0,0,0
1,2020-07-05,3267,2.0,0,0,0,-8.04,1,0,0,0
1,2020-07-12,3154,1.0,1,0,0,-9.36,1,0,0,0
1,2020-07-19,8340,26.0,0,0,0,-8.77,1,0,0,0
1,2020-07-26,3076,2.0,1,0,0,-9.93,1,0,0,0
1,2020-08-02,7732,26.0,0,0,0,-11.65,1,0,0,0
1,2020-08-09,3210,2.0,1,0,0,-13.23,1,0,0,0
1,2020-08-23,7910,27.0,0,0,0,-19.41,1,0,0,0
1,2020-08-30,3170,2.0,1,0,0,-18.83,1,0,0,0
1,2020-09-06,8152,26.0,0,0,0,-16.44,1,0,0,0
1,2020-09-13,3081,2.0,0,0,0,-7.28,1,0,0,0
1,2020-09-20,3322,1.0,1,0,0,-9.87,1,0,0,0
1,2020-09-27,8123,25.0,0,0,0,-7.79,1,0,0,0
1,2020-10-04,3160,2.0,0,1,1,-9.73,1,0,0,0
1,2020-10-11,40169,50.0,1,0,0,-7.39,1,0,0,0
1,2020-10-18,8102,27.0,1,0,0,-7.56,1,0,0,0
1,2020-10-25,8143,26.0,0,0,0,-8.39,1,0,0,0
1,2020-11-01,3062,2.0,1,0,0,-7.43,1,0,0,0
1,2020-11-08,22460,50.0,0,0,0,-5.95,1,0,0,0
1,2020-11-15,3464,5.0,1,0,0,-7.2,1,0,0,0
1,2020-11-22,0,27.0,1,0,0,-5.96,1,0,0,0
1,2020-11-29,0,23.0,1,0,0,-5.3,1,0,0,0
1,2020-12-06,0,22.0,0,0,0,-4.38,1,0,0,0
1,2020-12-13,0,22.0,0,0,0,-4.74,1,0,0,0
1,2020-12-27,0,21.0,0,0,0,-6.95,1,0,0,0
2,2017-02-05,39767,30.0,0,1,1,0.0,0,0,0,0
2,2017-02-19,41044,30.0,1,0,1,0.0,0,0,0,0
2,2017-02-26,53637,30.0,0,0,0,0.0,0,0,0,0
2,2017-03-05,13568,0.0,0,1,0,0.0,0,0,0,0
2,2017-03-12,48230,30.0,1,0,0,0.0,0,0,0,0
2,2017-03-19,47632,30.0,1,0,0,0.0,0,0,0,0
2,2017-03-26,52458,30.0,1,0,0,0.0,0,0,0,0
2,2017-04-02,48624,30.0,0,1,0,0.0,0,0,0,0
2,2017-04-16,31180,20.0,0,1,0,0.0,0,0,0,0
2,2017-04-23,39918,30.0,1,0,0,0.0,0,0,0,0
2,2017-04-30,28519,20.0,0,1,1,0.0,0,0,0,0
2,2017-05-14,46634,30.0,0,0,0,0.0,0,0,0,0
2,2017-05-21,15816,0.0,1,0,0,0.0,0,0,0,0
2,2017-05-28,50615,30.0,1,0,1,0.0,0,0,0,0
2,2017-06-04,55744,30.0,0,1,1,0.0,0,0,0,0
2,2017-06-18,56218,30.0,0,1,1,0.0,0,0,0,0
2,2017-07-02,21719,2.0,0,1,1,0.0,0,0,0,0
2,2017-07-09,66602,30.0,1,0,1,0.0,0,0,0,0
2,2017-07-16,37996,20.0,1,0,1,0.0,0,0,0,0
2,2017-07-23,60173,30.0,1,0,1,0.0,0,0,0,0
2,2017-07-30,18827,0.0,1,0,0,0.0,0,0,0,0
2,2017-08-06,52917,30.0,1,0,1,0.0,0,0,0,0
2,2017-08-13,19315,0.0,1,0,1,0.0,0,0,0,0
2,2017-08-20,57361,30.0,0,1,1,0.0,0,0,0,0
2,2017-09-03,55091,30.0,1,0,1,0.0,0,0,0,0
2,2017-09-10,64818,30.0,1,0,1,0.0,0,0,0,0
2,2017-09-17,63731,40.0,0,1,1,0.0,0,0,0,0
2,2017-09-24,72851,40.0,1,0,1,0.0,0,0,0,0
2,2017-10-01,18797,2.0,1,0,1,0.0,0,0,0,0
2,2017-10-08,52132,30.0,1,0,1,0.0,0,0,0,0
2,2017-10-15,31259,20.0,0,1,1,0.0,0,0,0,0
2,2017-10-22,49891,30.0,1,0,1,0.0,0,0,0,0
2,2017-10-29,16354,2.0,0,1,1,0.0,0,0,0,0
2,2017-11-12,47367,30.0,1,0,1,0.0,0,0,0,0
2,2017-11-19,29788,20.0,1,0,1,0.0,0,0,0,0
2,2017-11-26,43078,30.0,0,1,1,0.0,0,0,0,0
2,2017-12-10,15098,0.0,1,0,1,0.0,0,0,0,0
2,2017-12-17,46362,30.0,1,0,0,0.0,0,0,0,0
2,2017-12-24,40244,30.0,1,0,1,0.0,0,0,0,0
2,2017-12-31,10970,0.0,1,0,0,0.0,0,0,0,0
2,2018-01-07,57707,40.0,1,0,1,0.0,0,0,0,0
2,2018-01-14,13001,2.0,0,1,0,0.0,0,0,0,0
2,2018-01-21,60844,40.0,1,0,1,0.0,0,0,0,0
2,2018-01-28,14766,0.0,1,0,0,0.0,0,0,0,0
2,2018-02-04,66821,40.0,1,0,1,0.0,0,0,0,0
2,2018-02-18,65917,40.0,1,0,0,0.0,0,0,0,0
2,2018-02-25,72768,40.0,1,0,1,0.0,0,0,0,0
2,2018-03-04,15242,0.0,0,1,0,0.0,0,0,0,0
2,2018-03-11,77546,40.0,1,0,1,0.0,0,0,0,0
2,2018-03-18,15914,0.0,0,1,0,0.0,0,0,0,0
2,2018-03-25,81070,40.0,1,0,1,0.0,0,0,0,0
2,2018-04-01,16298,2.0,1,0,0,0.0,0,0,0,0
2,2018-04-15,15593,0.0,1,0,0,0.0,0,0,0,0
2,2018-04-29,41716,20.0,0,1,0,0.0,0,0,0,0
2,2018-05-13,73443,40.0,1,0,1,0.0,0,0,0,0
2,2018-05-20,81236,40.0,1,0,1,0.0,0,0,0,0
2,2018-05-27,20184,0.0,1,0,1,0.0,0,0,0,0
2,2018-06-03,43483,20.0,0,1,1,0.0,0,0,0,0
2,2018-06-17,44670,22.0,1,0,1,0.0,0,0,0,0
2,2018-06-24,83798,40.0,1,0,1,0.0,0,0,0,0
2,2018-07-01,45241,20.0,0,1,1,0.0,0,0,0,0
2,2018-07-15,24771,0.0,0,1,0,0.0,0,0,0,0
2,2018-07-22,77644,40.0,1,0,1,0.0,0,0,0,0
2,2018-07-29,21768,0.0,1,0,0,0.0,0,0,0,0
2,2018-08-05,43217,20.0,1,0,1,0.0,0,0,0,0
2,2018-08-12,21318,0.0,0,1,1,0.0,0,0,0,0
2,2018-08-26,19395,0.0,1,0,0,0.0,0,0,0,0
2,2018-09-02,84724,40.0,1,0,1,0.0,0,0,0,0
2,2018-09-09,17903,0.0,1,0,0,0.0,0,0,0,0
2,2018-09-16,83294,40.0,1,0,1,0.0,0,0,0,0
2,2018-09-23,69874,40.0,0,1,1,0.0,0,0,0,0
2,2018-10-07,19806,4.0,0,1,0,0.0,0,0,0,0
2,2018-10-21,17859,0.0,0,1,1,0.0,0,0,0,0
2,2018-10-28,73225,40.0,1,0,1,0.0,0,0,0,0
2,2018-11-04,16559,0.0,0,1,0,0.0,0,0,0,0
2,2018-11-18,18175,2.0,0,1,0,0.0,0,0,0,0
2,2018-12-09,80303,40.0,1,0,1,0.0,0,0,0,0
2,2018-12-16,16228,2.0,1,0,1,0.0,0,0,0,0
2,2018-12-23,15567,0.0,1,0,0,0.0,0,0,0,0
2,2018-12-30,19818,20.0,0,1,0,0.0,0,0,0,0
2,2019-01-06,65120,42.0,1,0,1,0.0,0,0,0,0
2,2019-01-13,13910,0.0,0,1,0,0.0,0,0,0,0
2,2019-01-20,72688,40.0,1,0,1,0.0,0,0,0,0
2,2019-01-27,15378,0.0,0,1,0,0.0,0,0,0,0
2,2019-02-03,77331,40.0,1,0,1,0.0,0,0,0,0
2,2019-02-24,66726,40.0,0,1,1,0.0,0,0,0,0
2,2019-03-03,70897,40.0,1,0,1,0.0,0,0,0,0
2,2019-03-10,18959,7.0,0,1,1,0.0,0,0,0,0
2,2019-03-17,84789,40.0,1,0,1,0.0,0,0,0,0
2,2019-03-24,23297,22.0,0,1,0,0.0,0,0,0,0
2,2019-03-31,74574,40.0,1,0,1,0.0,0,0,0,0
2,2019-04-14,82925,45.0,1,0,1,0.0,0,0,0,0
2,2019-04-21,16258,9.0,0,1,1,0.0,0,0,0,0
2,2019-04-28,60819,40.0,1,0,1,0.0,0,0,0,0
2,2019-05-05,14847,21.0,0,1,0,0.0,0,0,0,0
2,2019-05-12,73917,43.0,1,0,1,0.0,0,0,0,0
2,2019-05-19,30770,38.0,0,1,0,0.0,0,0,0,0
2,2019-05-26,65796,49.0,1,0,0,0.0,0,0,0,0
2,2019-06-02,19708,30.0,0,1,0,0.0,0,0,0,0
2,2019-06-16,40396,43.0,0,1,0,0.0,0,0,0,0
2,2019-06-23,75058,45.0,1,0,1,0.0,0,0,0,0
2,2019-06-30,34350,35.0,1,0,1,0.0,0,0,0,0
2,2019-07-07,63367,41.0,1,0,1,0.0,0,0,0,0
2,2019-07-14,19698,33.0,0,1,0,0.0,0,0,0,0
2,2019-07-21,82028,48.0,1,0,1,0.0,0,0,0,0
2,2019-07-28,18589,33.0,0,1,1,0.0,0,0,0,0
2,2019-08-04,75642,51.0,1,0,1,0.0,0,0,0,0
2,2019-08-11,20287,33.0,0,1,1,0.0,0,0,0,0
2,2019-08-25,36190,22.0,0,1,0,0.0,0,0,0,0
2,2019-09-01,78848,51.0,1,0,1,0.0,0,0,0,0
2,2019-09-08,18947,33.0,1,0,0,0.0,0,0,0,0
2,2019-09-15,75687,45.0,1,0,1,0.0,0,0,0,0
2,2019-09-22,22404,34.0,0,1,1,0.0,0,0,0,0
2,2019-10-06,37198,32.0,0,1,1,0.0,0,0,0,0
2,2019-10-13,83295,22.0,1,0,1,0.0,0,0,0,0
2,2019-10-20,18549,4.0,0,1,0,0.0,0,0,0,0
2,2019-10-27,77885,23.0,1,0,1,0.0,0,0,0,0
2,2019-11-03,16769,4.0,0,1,1,0.0,0,0,0,0
2,2019-11-17,30944,14.0,0,1,0,0.0,0,0,0,0
2,2019-11-24,74345,22.0,1,0,1,0.0,0,0,0,0
2,2019-12-08,72108,35.0,1,0,1,0.0,0,0,0,0
2,2019-12-15,29325,20.0,1,0,1,0.0,0,0,0,0
2,2019-12-22,33126,13.0,1,0,0,0.0,0,0,0,0
2,2019-12-29,17979,20.0,0,1,0,0.0,0,0,0,0
2,2020-01-05,50536,50.0,1,0,1,0.0,0,0,0,0
2,2020-01-12,13672,36.0,0,1,0,0.0,0,0,0,0
2,2020-01-19,59700,80.0,1,0,1,0.0,0,0,0,0
2,2020-01-26,14278,67.0,0,1,1,0.0,0,0,0,0
2,2020-02-02,56120,80.0,1,0,1,0.0,0,0,0,0
2,2020-02-09,15286,67.0,0,1,1,2.36,1,0,0,0
2,2020-02-23,31172,74.0,0,1,0,3.9,1,0,0,0
2,2020-03-01,76759,80.0,1,0,1,3.81,1,0,0,0
2,2020-03-08,16311,67.0,0,1,0,3.01,1,0,0,0
2,2020-03-22,24862,67.0,0,0,0,-15.7,1,0,0,0
2,2020-05-03,22217,67.0,0,0,0,-18.18,1,0,0,0
2,2020-05-10,78949,80.0,0,0,0,-15.91,1,0,0,0
2,2020-05-17,19161,67.0,0,0,0,-15.27,1,0,0,0
2,2020-05-24,66290,80.0,0,0,0,-13.24,1,0,0,0
2,2020-05-31,19726,67.0,1,0,1,-10.86,1,0,0,0
2,2020-06-07,75510,80.0,1,0,1,-10.13,1,0,0,0
2,2020-06-14,20278,67.0,1,0,1,-8.68,1,0,0,0
2,2020-06-21,79090,80.0,1,0,1,-8.57,1,0,0,0
2,2020-06-28,23331,67.0,1,0,0,-7.5,1,0,0,0
2,2020-07-05,63430,77.0,1,0,1,-8.04,1,0,0,0
2,2020-07-12,20478,67.0,0,1,1,-9.36,1,0,0,0
2,2020-07-26,33301,71.0,1,0,0,-9.93,1,0,0,0
2,2020-08-02,60530,77.0,1,0,0,-11.65,1,0,0,0
2,2020-08-09,21666,67.0,1,0,1,-13.23,1,0,0,0
2,2020-08-23,51798,77.0,1,0,1,-19.41,1,0,0,0
2,2020-08-30,51884,77.0,1,0,1,-18.83,1,0,0,0
2,2020-09-06,21108,67.0,0,1,0,-16.44,1,0,0,0
2,2020-09-13,57867,77.0,1,0,1,-7.28,1,0,0,0
2,2020-09-20,19186,67.0,1,0,1,-9.87,1,0,0,0
2,2020-09-27,59997,77.0,1,0,1,-7.79,1,0,0,0
2,2020-10-04,52970,77.0,0,1,1,-9.73,1,0,0,0
2,2020-10-11,54751,77.0,1,0,1,-7.39,1,0,0,0
2,2020-10-18,17625,67.0,0,1,0,-7.56,1,0,0,0
2,2020-10-25,60638,77.0,1,0,1,-8.39,1,0,0,0
2,2020-11-01,15003,67.0,1,0,1,-7.43,1,0,0,0
2,2020-11-08,42459,77.0,1,0,0,-5.95,1,0,0,0
2,2020-11-15,13668,67.0,0,1,1,-7.2,1,0,0,0
2,2020-11-22,0,83.0,1,0,0,-5.96,1,0,0,0
2,2020-11-29,0,73.0,0,1,0,-5.3,1,0,0,0
2,2020-12-06,0,74.0,1,0,0,-4.38,1,0,0,0
2,2020-12-13,0,74.0,0,1,0,-4.74,1,0,0,0
2,2020-12-27,0,74.0,1,0,1,-6.95,1,0,0,0
3,2017-02-05,12835,30.0,0,1,1,0.0,0,0,0,0
3,2017-02-19,13382,30.0,1,0,1,0.0,0,0,0,0
3,2017-02-26,15709,30.0,0,0,0,0.0,0,0,0,0
3,2017-03-05,3729,0.0,0,1,0,0.0,0,0,0,0
3,2017-03-12,15061,30.0,1,0,0,0.0,0,0,0,0
3,2017-03-19,15759,30.0,1,0,0,0.0,0,0,0,0
3,2017-03-26,15479,30.0,1,0,0,0.0,0,0,0,0
3,2017-04-02,16003,30.0,0,1,0,0.0,0,0,0,0
3,2017-04-16,9445,20.0,0,1,0,0.0,0,0,0,0
3,2017-04-23,12697,30.0,1,0,0,0.0,0,0,0,0
3,2017-04-30,8735,20.0,0,1,1,0.0,0,0,0,0
3,2017-05-07,65464,50.0,1,0,0,0.0,0,0,0,0
3,2017-05-14,14559,32.0,0,0,0,0.0,0,0,0,0
3,2017-05-21,4400,2.0,1,0,0,0.0,0,0,0,0
3,2017-05-28,16004,30.0,1,0,1,0.0,0,0,0,0
3,2017-06-04,15932,30.0,0,1,1,0.0,0,0,0,0
3,2017-06-11,63256,50.0,1,0,1,0.0,0,0,0,0
3,2017-06-18,16824,32.0,0,1,1,0.0,0,0,0,0
3,2017-06-25,26316,40.0,1,0,1,0.0,0,0,0,0
3,2017-07-02,5426,2.0,0,1,1,0.0,0,0,0,0
3,2017-07-09,19411,30.0,1,0,1,0.0,0,0,0,0
3,2017-07-16,11807,20.0,1,0,1,0.0,0,0,0,0
3,2017-07-23,21089,30.0,1,0,1,0.0,0,0,0,0
3,2017-07-30,5487,0.0,1,0,0,0.0,0,0,0,0
3,2017-08-06,17564,30.0,1,0,1,0.0,0,0,0,0
3,2017-08-13,5497,0.0,1,0,1,0.0,0,0,0,0
3,2017-08-20,18434,30.0,0,1,1,0.0,0,0,0,0
3,2017-08-27,75377,50.0,1,0,1,0.0,0,0,0,0
3,2017-09-03,16756,32.0,1,0,1,0.0,0,0,0,0
3,2017-09-10,17340,30.0,1,0,1,0.0,0,0,0,0
3,2017-09-17,20945,40.0,0,1,1,0.0,0,0,0,0
3,2017-09-24,24469,40.0,1,0,1,0.0,0,0,0,0
3,2017-10-01,5640,2.0,1,0,1,0.0,0,0,0,0
3,2017-10-08,16773,30.0,1,0,1,0.0,0,0,0,0
3,2017-10-15,10420,20.0,0,1,1,0.0,0,0,0,0
3,2017-10-22,16777,30.0,1,0,1,0.0,0,0,0,0
3,2017-10-29,4725,2.0,0,1,1,0.0,0,0,0,0
3,2017-11-05,69467,50.0,1,0,1,0.0,0,0,0,0
3,2017-11-12,15498,32.0,1,0,1,0.0,0,0,0,0
3,2017-11-19,8994,20.0,1,0,1,0.0,0,0,0,0
3,2017-11-26,14023,30.0,0,1,1,0.0,0,0,0,0
3,2017-12-10,4248,0.0,1,0,1,0.0,0,0,0,0
3,2017-12-17,13159,30.0,1,0,0,0.0,0,0,0,0
3,2017-12-24,10487,30.0,1,0,1,0.0,0,0,0,0
3,2017-12-31,2960,0.0,1,0,0,0.0,0,0,0,0
3,2018-01-07,18647,40.0,1,0,1,0.0,0,0,0,0
3,2018-01-14,3583,2.0,0,1,0,0.0,0,0,0,0
3,2018-01-21,19773,40.0,1,0,1,0.0,0,0,0,0
3,2018-01-28,4057,0.0,1,0,0,0.0,0,0,0,0
3,2018-02-04,21229,40.0,1,0,1,0.0,0,0,0,0
3,2018-02-18,21451,40.0,1,0,0,0.0,0,0,0,0
3,2018-02-25,22091,40.0,1,0,1,0.0,0,0,0,0
3,2018-03-04,4422,2.0,0,1,0,0.0,0,0,0,0
3,2018-03-11,24597,40.0,1,0,1,0.0,0,0,0,0
3,2018-03-18,4604,2.0,0,1,0,0.0,0,0,0,0
3,2018-03-25,25200,40.0,1,0,1,0.0,0,0,0,0
3,2018-04-01,4140,2.0,1,0,0,0.0,0,0,0,0
3,2018-04-15,3754,2.0,1,0,0,0.0,0,0,0,0
3,2018-04-22,24056,40.0,1,0,1,0.0,0,0,0,0
3,2018-04-29,10289,20.0,0,1,0,0.0,0,0,0,0
3,2018-05-06,25115,40.0,1,0,0,0.0,0,0,0,0
3,2018-05-13,24208,40.0,1,0,1,0.0,0,0,0,0
3,2018-05-20,24612,40.0,1,0,1,0.0,0,0,0,0
3,2018-05-27,4970,2.0,1,0,1,0.0,0,0,0,0
3,2018-06-03,12454,20.0,0,1,1,0.0,0,0,0,0
3,2018-06-10,72261,50.0,1,0,1,0.0,0,0,0,0
3,2018-06-17,12202,22.0,1,0,1,0.0,0,0,0,0
3,2018-06-24,24918,40.0,1,0,1,0.0,0,0,0,0
3,2018-07-01,12293,20.0,0,1,1,0.0,0,0,0,0
3,2018-07-08,28282,40.0,1,0,1,0.0,0,0,0,0
3,2018-07-15,6117,0.0,0,1,0,0.0,0,0,0,0
3,2018-07-22,20461,40.0,1,0,1,0.0,0,0,0,0
3,2018-07-29,5392,2.0,1,0,0,0.0,0,0,0,0
3,2018-08-05,12400,20.0,1,0,1,0.0,0,0,0,0
3,2018-08-12,5043,2.0,0,1,1,0.0,0,0,0,0
3,2018-08-19,25732,40.0,1,0,1,0.0,0,0,0,0
3,2018-08-26,5086,2.0,1,0,0,0.0,0,0,0,0
3,2018-09-02,23667,40.0,1,0,1,0.0,0,0,0,0
3,2018-09-09,4753,2.0,1,0,0,0.0,0,0,0,0
3,2018-09-16,22977,40.0,1,0,1,0.0,0,0,0,0
3,2018-09-23,20826,40.0,0,1,1,0.0,0,0,0,0
3,2018-09-30,66114,50.0,1,0,1,0.0,0,0,0,0
3,2018-10-07,5293,10.0,0,1,0,0.0,0,0,0,0
3,2018-10-14,25266,40.0,1,0,1,0.0,0,0,0,0
3,2018-10-21,4596,2.0,0,1,1,0.0,0,0,0,0
3,2018-10-28,22940,40.0,1,0,1,0.0,0,0,0,0
3,2018-11-04,4039,2.0,0,1,0,0.0,0,0,0,0
3,2018-11-11,22262,40.0,1,0,1,0.0,0,0,0,0
3,2018-11-18,4081,2.0,0,1,0,0.0,0,0,0,0
3,2018-11-25,23852,40.0,1,0,1,0.0,0,0,0,0
3,2018-12-09,19795,40.0,1,0,1,0.0,0,0,0,0
3,2018-12-16,3759,2.0,1,0,1,0.0,0,0,0,0
3,2018-12-23,3332,0.0,1,0,0,0.0,0,0,0,0
3,2018-12-30,5042,20.0,0,1,0,0.0,0,0,0,0
3,2019-01-06,16712,42.0,1,0,1,0.0,0,0,0,0
3,2019-01-13,3133,2.0,0,1,0,0.0,0,0,0,0
3,2019-01-20,17667,40.0,1,0,1,0.0,0,0,0,0
3,2019-01-27,3308,2.0,0,1,0,0.0,0,0,0,0
3,2019-02-03,19564,40.0,1,0,1,0.0,0,0,0,0
3,2019-02-17,63842,50.0,1,0,1,0.0,0,0,0,0
3,2019-02-24,19642,40.0,0,1,1,0.0,0,0,0,0
3,2019-03-03,22114,40.0,1,0,1,0.0,0,0,0,0
3,2019-03-10,5266,8.0,0,1,1,0.0,0,0,0,0
3,2019-03-17,27690,40.0,1,0,1,0.0,0,0,0,0
3,2019-03-24,7666,24.0,0,1,0,0.0,0,0,0,0
3,2019-03-31,23530,40.0,1,0,1,0.0,0,0,0,0
3,2019-04-14,25614,45.0,1,0,1,0.0,0,0,0,0
3,2019-04-21,4240,7.0,0,1,1,0.0,0,0,0,0
3,2019-04-28,18035,40.0,1,0,1,0.0,0,0,0,0
3,2019-05-05,4415,22.0,0,1,0,0.0,0,0,0,0
3,2019-05-12,20849,42.0,1,0,1,0.0,0,0,0,0
3,2019-05-19,9098,38.0,0,1,0,0.0,0,0,0,0
3,2019-05-26,17578,48.0,1,0,0,0.0,0,0,0,0
3,2019-06-02,5012,36.0,0,1,0,0.0,0,0,0,0
3,2019-06-09,59637,54.0,1,0,0,0.0,0,0,0,0
3,2019-06-16,11764,43.0,0,1,0,0.0,0,0,0,0
3,2019-06-23,19576,47.0,1,0,1,0.0,0,0,0,0
3,2019-06-30,9155,38.0,1,0,1,0.0,0,0,0,0
3,2019-07-07,17401,45.0,1,0,1,0.0,0,0,0,0
3,2019-07-14,4844,32.0,0,1,0,0.0,0,0,0,0
3,2019-07-21,22481,46.0,1,0,1,0.0,0,0,0,0
3,2019-07-28,4825,22.0,0,1,1,0.0,0,0,0,0
3,2019-08-04,21721,47.0,1,0,1,0.0,0,0,0,0
3,2019-08-11,5374,25.0,0,1,1,0.0,0,0,0,0
3,2019-08-18,64115,55.0,1,0,1,0.0,0,0,0,0
3,2019-08-25,9409,42.0,0,1,0,0.0,0,0,0,0
3,2019-09-01,19481,48.0,1,0,1,0.0,0,0,0,0
3,2019-09-08,4385,34.0,1,0,0,0.0,0,0,0,0
3,2019-09-15,17385,38.0,1,0,1,0.0,0,0,0,0
3,2019-09-22,5100,34.0,0,1,1,0.0,0,0,0,0
3,2019-09-29,56430,49.0,1,0,1,0.0,0,0,0,0
3,2019-10-06,9544,42.0,0,1,1,0.0,0,0,0,0
3,2019-10-13,21822,37.0,1,0,1,0.0,0,0,0,0
3,2019-10-20,4550,20.0,0,1,0,0.0,0,0,0,0
3,2019-10-27,21013,53.0,1,0,1,0.0,0,0,0,0
3,2019-11-03,4254,34.0,0,1,1,0.0,0,0,0,0
3,2019-11-10,54996,43.0,1,0,1,0.0,0,0,0,0
3,2019-11-17,8645,24.0,0,1,0,0.0,0,0,0,0
3,2019-11-24,19749,22.0,1,0,1,0.0,0,0,0,0
3,2019-12-08,20011,32.0,1,0,1,0.0,0,0,0,0
3,2019-12-15,8178,12.0,1,0,1,0.0,0,0,0,0
3,2019-12-22,9285,20.0,1,0,0,0.0,0,0,0,0
3,2019-12-29,5153,20.0,0,1,0,0.0,0,0,0,0
3,2020-01-05,16152,22.0,1,0,1,0.0,0,0,0,0
3,2020-01-12,3792,5.0,0,1,0,0.0,0,0,0,0
3,2020-01-19,19561,70.0,1,0,1,0.0,0,0,0,0
3,2020-01-26,3721,51.0,0,1,1,0.0,0,0,0,0
3,2020-02-02,18078,37.0,1,0,1,0.0,0,0,0,0
3,2020-02-09,4218,51.0,0,1,1,2.36,1,0,0,0
3,2020-02-23,8486,62.0,0,1,0,3.9,1,0,0,0
3,2020-03-01,21180,51.0,1,0,1,3.81,1,0,0,0
3,2020-03-08,4306,51.0,0,1,0,3.01,1,0,0,0
3,2020-03-15,32133,70.0,1,0,1,0.26,1,0,0,0
3,2020-03-22,6538,51.0,0,0,0,-15.7,1,0,0,0
3,2020-05-03,6665,51.0,0,0,0,-18.18,1,0,0,0
3,2020-05-10,26698,70.0,0,0,0,-15.91,1,0,0,0
3,2020-05-17,6215,52.0,0,0,0,-15.27,1,0,0,0
3,2020-05-24,23484,70.0,0,0,0,-13.24,1,0,0,0
3,2020-05-31,6262,51.0,1,0,1,-10.86,1,0,0,0
3,2020-06-07,27221,70.0,1,0,1,-10.13,1,0,0,0
3,2020-06-14,6878,51.0,1,0,1,-8.68,1,0,0,0
3,2020-06-21,29993,70.0,1,0,1,-8.57,1,0,0,0
3,2020-06-28,7661,51.0,1,0,0,-7.5,1,0,0,0
3,2020-07-05,24787,66.0,1,0,1,-8.04,1,0,0,0
3,2020-07-12,7403,51.0,0,1,1,-9.36,1,0,0,0
3,2020-07-19,76346,75.0,1,0,0,-8.77,1,0,0,0
3,2020-07-26,13391,58.0,1,0,0,-9.93,1,0,0,0
3,2020-08-02,25496,65.0,1,0,0,-11.65,1,0,0,0
3,2020-08-09,8126,51.0,1,0,1,-13.23,1,0,0,0
3,2020-08-23,21752,66.0,1,0,1,-19.41,1,0,0,0
3,2020-08-30,21743,65.0,1,0,1,-18.83,1,0,0,0
3,2020-09-06,7557,51.0,0,1,0,-16.44,1,0,0,0
3,2020-09-13,23086,65.0,1,0,1,-7.28,1,0,0,0
3,2020-09-20,6972,51.0,1,0,1,-9.87,1,0,0,0
3,2020-09-27,24960,65.0,1,0,1,-7.79,1,0,0,0
3,2020-10-04,22119,65.0,0,1,1,-9.73,1,0,0,0
3,2020-10-11,24923,65.0,1,0,1,-7.39,1,0,0,0
3,2020-10-18,6619,51.0,0,1,0,-7.56,1,0,0,0
3,2020-10-25,22889,65.0,1,0,1,-8.39,1,0,0,0
3,2020-11-01,5353,51.0,1,0,1,-7.43,1,0,0,0
3,2020-11-08,21558,65.0,1,0,0,-5.95,1,0,0,0
3,2020-11-15,5924,51.0,0,1,1,-7.2,1,0,0,0
3,2020-11-22,0,75.0,1,0,0,-5.96,1,0,0,0
3,2020-11-29,0,60.0,0,1,0,-5.3,1,0,0,0
3,2020-12-06,0,61.0,1,0,0,-4.38,1,0,0,0
3,2020-12-13,0,60.0,0,1,0,-4.74,1,0,0,0
3,2020-12-27,0,62.0,1,0,1,-6.95,1,0,0,0
4,2017-02-05,5229,0.0,0,0,0,0.0,0,0,0,0
4,2017-02-19,20536,38.0,0,0,0,0.0,0,0,0,0
4,2017-02-26,5928,0.0,1,0,0,0.0,0,0,0,0
4,2017-03-05,21787,38.0,0,0,0,0.0,0,0,0,0
4,2017-03-12,5952,0.0,0,0,0,0.0,0,0,0,0
4,2017-03-19,5994,0.0,1,0,0,0.0,0,0,0,0
4,2017-03-26,15317,25.0,0,0,0,0.0,0,0,0,0
4,2017-04-02,6194,0.0,0,0,0,0.0,0,0,0,0
4,2017-04-16,5740,0.0,0,1,1,0.0,0,0,0,0
4,2017-04-23,42344,50.0,1,0,0,0.0,0,0,0,0
4,2017-04-30,14974,25.0,0,0,0,0.0,0,0,0,0
4,2017-05-07,6174,0.0,0,1,1,0.0,0,0,0,0
4,2017-05-14,45348,50.0,1,0,0,0.0,0,0,0,0
4,2017-05-21,16178,25.0,0,0,0,0.0,0,0,0,0
4,2017-05-28,6856,0.0,0,0,0,0.0,0,0,0,0
4,2017-06-04,6716,0.0,1,0,0,0.0,0,0,0,0
4,2017-06-11,22959,38.0,0,0,0,0.0,0,0,0,0
4,2017-06-18,6927,0.0,0,1,0,0.0,0,0,0,0
4,2017-06-25,25870,38.0,0,0,0,0.0,0,0,0,0
4,2017-07-02,7285,0.0,0,1,1,0.0,0,0,0,0
4,2017-07-09,55905,50.0,1,0,0,0.0,0,0,0,0
4,2017-07-16,17012,25.0,0,0,0,0.0,0,0,0,0
4,2017-07-23,7485,0.0,0,0,0,0.0,0,0,0,0
4,2017-07-30,7519,0.0,0,1,0,0.0,0,0,0,0
4,2017-08-06,25361,38.0,0,0,0,0.0,0,0,0,0
4,2017-08-13,7462,0.0,0,1,1,0.0,0,0,0,0
4,2017-08-20,73114,50.0,1,0,0,0.0,0,0,0,0
4,2017-08-27,16280,25.0,0,0,0,0.0,0,0,0,0
4,2017-09-03,7209,0.0,1,0,0,0.0,0,0,0,0
4,2017-09-10,23030,38.0,0,0,0,0.0,0,0,0,0
4,2017-09-17,7000,3.0,0,1,1,0.0,0,0,0,0
4,2017-09-24,55567,50.0,1,0,0,0.0,0,0,0,0
4,2017-10-01,17914,25.0,0,0,0,0.0,0,0,0,0
4,2017-10-08,6830,0.0,0,1,0,0.0,0,0,0,0
4,2017-10-15,25641,38.0,1,0,0,0.0,0,0,0,0
4,2017-10-22,15565,25.0,0,1,0,0.0,0,0,0,0
4,2017-10-29,24714,38.0,0,0,0,0.0,0,0,0,0
4,2017-11-05,6935,0.0,0,1,1,0.0,0,0,0,0
4,2017-11-12,50485,50.0,1,0,0,0.0,0,0,0,0
4,2017-11-19,13982,25.0,0,0,0,0.0,0,0,0,0
4,2017-11-26,11140,25.0,1,0,0,0.0,0,0,0,0
4,2017-12-10,17940,38.0,1,0,0,0.0,0,0,0,0
4,2017-12-17,11647,25.0,1,0,0,0.0,0,0,0,0
4,2017-12-24,12059,25.0,0,0,0,0.0,0,0,0,0
4,2017-12-31,4298,0.0,1,0,1,0.0,0,0,0,0
4,2018-01-07,14637,25.0,0,0,0,0.0,0,0,0,0
4,2018-01-14,5294,0.0,0,1,0,0.0,0,0,0,0
4,2018-01-21,51114,50.0,1,0,0,0.0,0,0,0,0
4,2018-01-28,11520,25.0,0,0,0,0.0,0,0,0,0
4,2018-02-04,5389,0.0,0,1,0,0.0,0,0,0,0
4,2018-02-18,4965,0.0,0,0,0,0.0,0,0,0,0
4,2018-02-25,5256,0.0,1,0,0,0.0,0,0,0,0
4,2018-03-04,18282,38.0,0,0,0,0.0,0,0,0,0
4,2018-03-11,5285,3.0,0,0,0,0.0,0,0,0,0
4,2018-03-18,4832,0.0,1,0,0,0.0,0,0,0,0
4,2018-03-25,12206,25.0,0,0,0,0.0,0,0,0,0
4,2018-04-01,4562,0.0,0,0,0,0.0,0,0,0,0
4,2018-04-15,4993,0.0,0,0,0,0.0,0,0,0,0
4,2018-04-22,6608,0.0,0,1,1,0.0,0,0,0,0
4,2018-04-29,42963,50.0,1,0,0,0.0,0,0,0,0
4,2018-05-06,13215,25.0,1,0,0,0.0,0,0,0,0
4,2018-05-13,6442,0.0,1,0,0,0.0,0,0,0,0
4,2018-05-20,17038,25.0,0,0,0,0.0,0,0,0,0
4,2018-05-27,6759,0.0,0,1,1,0.0,0,0,0,0
4,2018-06-03,55160,50.0,1,0,0,0.0,0,0,0,0
4,2018-06-10,14319,28.0,0,0,0,0.0,0,0,0,0
4,2018-06-17,6693,0.0,0,0,0,0.0,0,0,0,0
4,2018-06-24,6789,0.0,0,1,1,0.0,0,0,0,0
4,2018-07-01,56275,50.0,0,1,0,0.0,0,0,0,0
4,2018-07-08,43611,50.0,1,0,0,0.0,0,0,0,0
4,2018-07-15,21242,38.0,1,0,0,0.0,0,0,0,0
4,2018-07-22,15810,25.0,1,0,0,0.0,0,0,0,0
4,2018-07-29,22544,38.0,1,0,0,0.0,0,0,0,0
4,2018-08-05,14761,25.0,0,0,0,0.0,0,0,0,0
4,2018-08-12,6716,0.0,0,0,0,0.0,0,0,0,0
4,2018-08-19,7212,0.0,0,1,1,0.0,0,0,0,0
4,2018-08-26,46909,50.0,1,0,0,0.0,0,0,0,0
4,2018-09-02,15599,25.0,0,1,1,0.0,0,0,0,0
4,2018-09-09,45838,50.0,1,0,0,0.0,0,0,0,0
4,2018-09-16,14169,25.0,1,0,0,0.0,0,0,0,0
4,2018-09-23,21634,38.0,0,0,0,0.0,0,0,0,0
4,2018-09-30,6973,0.0,0,1,0,0.0,0,0,0,0
4,2018-10-07,40051,50.0,1,0,0,0.0,0,0,0,0
4,2018-10-14,18984,38.0,1,0,0,0.0,0,0,0,0
4,2018-10-21,24517,38.0,1,0,0,0.0,0,0,0,0
4,2018-10-28,15187,38.0,0,0,0,0.0,0,0,0,0
4,2018-11-04,7449,13.0,1,0,0,0.0,0,0,0,0
4,2018-11-11,18669,38.0,0,0,0,0.0,0,0,0,0
4,2018-11-18,5863,0.0,1,0,0,0.0,0,0,0,0
4,2018-11-25,13225,25.0,0,0,0,0.0,0,0,0,0
4,2018-12-09,23690,38.0,1,0,0,0.0,0,0,0,0
4,2018-12-16,14226,25.0,1,0,0,0.0,0,0,0,0
4,2018-12-23,14616,25.0,1,0,0,0.0,0,0,0,0
4,2018-12-30,7890,25.0,0,0,0,0.0,0,0,0,0
4,2019-01-06,4889,0.0,0,0,0,0.0,0,0,0,0
4,2019-01-13,4934,0.0,1,0,0,0.0,0,0,0,0
4,2019-01-20,5241,0.0,1,0,0,0.0,0,0,0,0
4,2019-01-27,12323,25.0,0,0,0,0.0,0,0,0,0
4,2019-02-03,5251,3.0,1,0,0,0.0,0,0,0,0
4,2019-02-17,5421,3.0,1,0,1,0.0,0,0,0,0
4,2019-02-24,16020,38.0,0,0,0,0.0,0,0,0,0
4,2019-03-03,4829,0.0,1,0,0,0.0,0,0,0,0
4,2019-03-10,17449,38.0,0,0,0,0.0,0,0,0,0
4,2019-03-17,5738,0.0,1,0,0,0.0,0,0,0,0
4,2019-03-24,17134,38.0,0,0,0,0.0,0,0,0,0
4,2019-03-31,5365,0.0,0,0,0,0.0,0,0,0,0
4,2019-04-14,19294,38.0,0,0,0,0.0,0,0,0,0
4,2019-04-21,5007,3.0,1,0,0,0.0,0,0,0,0
4,2019-04-28,15324,38.0,0,0,0,0.0,0,0,0,0
4,2019-05-05,5504,3.0,0,1,0,0.0,0,0,0,0
4,2019-05-12,47061,50.0,1,0,0,0.0,0,0,0,0
4,2019-05-19,14292,25.0,0,0,0,0.0,0,0,0,0
4,2019-05-26,5687,0.0,1,0,0,0.0,0,0,0,0
4,2019-06-02,17663,38.0,0,1,1,0.0,0,0,0,0
4,2019-06-09,57064,50.0,1,0,1,0.0,0,0,0,0
4,2019-06-16,17809,38.0,0,0,0,0.0,0,0,0,0
4,2019-06-23,6203,3.0,0,1,0,0.0,0,0,0,0
4,2019-06-30,61658,50.0,0,1,0,0.0,0,0,0,0
4,2019-07-07,39035,50.0,1,0,0,0.0,0,0,0,0
4,2019-07-14,18790,38.0,0,0,0,0.0,0,0,0,0
4,2019-07-21,6622,0.0,1,0,0,0.0,0,0,0,0
4,2019-07-28,18827,38.0,1,0,0,0.0,0,0,0,0
4,2019-08-04,14597,25.0,0,1,1,0.0,0,0,0,0
4,2019-08-11,63644,50.0,1,0,0,0.0,0,0,0,0
4,2019-08-18,14461,25.0,0,0,0,0.0,0,0,0,0
4,2019-08-25,6393,0.0,0,0,0,0.0,0,0,0,0
4,2019-09-01,6739,0.0,0,0,0,0.0,0,0,0,0
4,2019-09-08,6009,0.0,0,1,0,0.0,0,0,0,0
4,2019-09-15,56807,50.0,1,0,0,0.0,0,0,0,0
4,2019-09-22,24271,38.0,1,0,0,0.0,0,0,0,0
4,2019-09-29,18570,38.0,0,0,0,0.0,0,0,0,0
4,2019-10-06,7913,0.0,0,1,1,0.0,0,0,0,0
4,2019-10-13,57496,50.0,0,0,0,0.0,0,0,0,0
4,2019-10-20,9007,5.0,1,0,0,0.0,0,0,0,0
4,2019-10-27,17524,38.0,0,1,1,0.0,0,0,0,0
4,2019-11-03,20191,38.0,1,0,0,0.0,0,0,0,0
4,2019-11-10,12292,25.0,0,0,0,0.0,0,0,0,0
4,2019-11-17,6453,0.0,1,0,0,0.0,0,0,0,0
4,2019-11-24,13577,25.0,0,0,0,0.0,0,0,0,0
4,2019-12-08,13941,25.0,0,0,0,0.0,0,0,0,0
4,2019-12-15,6751,0.0,1,0,0,0.0,0,0,0,0
4,2019-12-22,17296,25.0,1,0,0,0.0,0,0,0,0
4,2019-12-29,8011,25.0,1,0,0,0.0,0,0,0,0
4,2020-01-05,5482,5.0,0,0,0,0.0,0,0,0,0
4,2020-01-12,5396,0.0,0,0,0,0.0,0,0,0,0
4,2020-01-19,5579,0.0,0,0,0,0.0,0,0,0,0
4,2020-01-26,6020,0.0,1,0,1,0.0,0,0,0,0
4,2020-02-02,11446,25.0,1,0,0,0.0,0,0,0,0
4,2020-02-09,13686,25.0,0,0,0,2.36,1,0,0,0
4,2020-02-23,5666,0.0,0,0,0,3.9,1,0,0,0
4,2020-03-01,5719,1.0,0,0,0,3.81,1,0,0,0
4,2020-03-08,6201,0.0,0,0,0,3.01,1,0,0,0
4,2020-03-15,6808,1.0,1,0,0,0.26,1,0,0,0
4,2020-03-22,9327,25.0,0,0,0,-15.7,1,0,0,0
4,2020-05-03,20491,38.0,0,0,0,-18.18,1,0,0,0
4,2020-05-10,8974,2.0,0,0,0,-15.91,1,0,0,0
4,2020-05-17,61753,50.0,0,0,0,-15.27,1,0,0,0
4,2020-05-24,14153,27.0,0,0,0,-13.24,1,0,0,0
4,2020-05-31,14048,26.0,0,0,0,-10.86,1,0,0,0
4,2020-06-07,7903,1.0,1,0,0,-10.13,1,0,0,0
4,2020-06-14,12949,26.0,0,0,0,-8.68,1,0,0,0
4,2020-06-21,7074,1.0,1,0,0,-8.57,1,0,0,0
4,2020-06-28,15787,26.0,1,0,0,-7.5,1,0,0,0
4,2020-07-05,15044,26.0,0,0,0,-8.04,1,0,0,0
4,2020-07-12,8282,1.0,0,1,0,-9.36,1,0,0,0
4,2020-07-19,73058,51.0,1,0,0,-8.77,1,0,0,0
4,2020-07-26,19258,38.0,1,0,0,-9.93,1,0,0,0
4,2020-08-02,34540,50.0,0,1,0,-11.65,1,0,0,0
4,2020-08-09,43900,51.0,0,0,0,-13.23,1,0,0,0
4,2020-08-23,40956,50.0,0,0,0,-19.41,1,0,0,0
4,2020-08-30,7271,4.0,1,0,0,-18.83,1,0,0,0
4,2020-09-06,20715,38.0,0,0,0,-16.44,1,0,0,0
4,2020-09-13,6975,2.0,0,0,0,-7.28,1,0,0,0
4,2020-09-20,7231,1.0,0,0,0,-9.87,1,0,0,0
4,2020-09-27,7236,1.0,0,0,0,-7.79,1,0,0,0
4,2020-10-04,7525,1.0,0,1,0,-9.73,1,0,0,0
4,2020-10-11,36651,50.0,1,0,1,-7.39,1,0,0,0
4,2020-10-18,19436,38.0,1,0,0,-7.56,1,0,0,0
4,2020-10-25,19392,38.0,0,1,0,-8.39,1,0,0,0
4,2020-11-01,32410,50.0,0,0,0,-7.43,1,0,0,0
4,2020-11-08,6887,5.0,0,0,0,-5.95,1,0,0,0
4,2020-11-15,6059,1.0,1,0,0,-7.2,1,0,0,0
4,2020-11-22,0,38.0,1,0,0,-5.96,1,0,0,0
4,2020-11-29,0,28.0,0,0,0,-5.3,1,0,0,0
4,2020-12-06,0,27.0,1,0,0,-4.38,1,0,0,0
4,2020-12-13,0,25.0,1,0,0,-4.74,1,0,0,0
4,2020-12-27,0,23.0,0,0,0,-6.95,1,0,0,0
5,2017-02-05,32138,28.0,0,0,0,0.0,0,0,0,0
5,2017-02-19,12140,5.0,1,0,1,0.0,0,0,0,0
5,2017-02-26,29635,28.0,0,0,0,0.0,0,0,0,0
5,2017-03-05,11666,5.0,0,1,1,0.0,0,0,0,0
5,2017-03-19,32530,30.0,1,0,1,0.0,0,0,0,0
5,2017-03-26,28821,28.0,0,0,0,0.0,0,0,0,0
5,2017-04-02,11595,5.0,0,1,0,0.0,0,0,0,0
5,2017-04-16,9508,5.0,0,1,0,0.0,0,0,0,0
5,2017-04-23,21203,28.0,0,1,1,0.0,0,0,0,0
5,2017-04-30,27228,28.0,1,0,0,0.0,0,0,0,0
5,2017-05-07,28788,28.0,1,0,1,0.0,0,0,0,0
5,2017-05-14,29511,28.0,0,1,0,0.0,0,0,0,0
5,2017-05-21,32898,28.0,1,0,1,0.0,0,0,0,0
5,2017-05-28,28847,28.0,0,1,1,0.0,0,0,0,0
5,2017-06-11,27682,30.0,0,0,0,0.0,0,0,0,0
5,2017-06-18,12779,5.0,1,0,1,0.0,0,0,0,0
5,2017-06-25,31805,28.0,0,1,1,0.0,0,0,0,0
5,2017-07-09,29081,28.0,0,1,1,0.0,0,0,0,0
5,2017-07-16,37630,28.0,1,0,1,0.0,0,0,0,0
5,2017-07-23,30212,28.0,1,0,1,0.0,0,0,0,0
5,2017-07-30,33159,28.0,0,1,1,0.0,0,0,0,0
5,2017-08-13,33809,28.0,0,1,1,0.0,0,0,0,0
5,2017-08-20,47551,38.0,1,0,1,0.0,0,0,0,0
5,2017-08-27,33724,28.0,0,0,0,0.0,0,0,0,0
5,2017-09-03,15134,5.0,0,0,0,0.0,0,0,0,0
5,2017-09-10,14540,5.0,1,0,0,0.0,0,0,0,0
5,2017-09-17,36254,28.0,0,1,1,0.0,0,0,0,0
5,2017-10-01,14692,9.0,1,0,0,0.0,0,0,0,0
5,2017-10-08,44595,38.0,1,0,0,0.0,0,0,0,0
5,2017-10-15,42541,28.0,0,1,1,0.0,0,0,0,0
5,2017-11-05,34976,28.0,1,0,1,0.0,0,0,0,0
5,2017-11-12,42047,38.0,1,0,1,0.0,0,0,0,0
5,2017-11-19,32668,28.0,0,1,0,0.0,0,0,0,0
5,2017-11-26,44779,38.0,1,0,1,0.0,0,0,0,0
5,2017-12-10,41175,28.0,0,0,0,0.0,0,0,0,0
5,2017-12-17,14744,7.0,0,0,0,0.0,0,0,0,0
5,2017-12-24,13862,5.0,1,0,1,0.0,0,0,0,0
5,2017-12-31,19735,28.0,0,0,0,0.0,0,0,0,0
5,2018-01-07,9047,7.0,0,1,0,0.0,0,0,0,0
5,2018-01-14,38639,38.0,0,0,0,0.0,0,0,0,0
5,2018-01-21,10629,7.0,1,0,1,0.0,0,0,0,0
5,2018-01-28,41994,38.0,0,0,0,0.0,0,0,0,0
5,2018-02-04,12099,7.0,1,0,1,0.0,0,0,0,0
5,2018-02-18,11298,5.0,0,0,0,0.0,0,0,0,0
5,2018-02-25,12358,5.0,1,0,1,0.0,0,0,0,0
5,2018-03-04,35011,38.0,0,1,1,0.0,0,0,0,0
5,2018-03-18,34761,38.0,0,0,0,0.0,0,0,0,0
5,2018-03-25,11969,5.0,1,0,1,0.0,0,0,0,0
5,2018-04-01,26184,38.0,0,0,0,0.0,0,0,0,0
5,2018-04-15,31617,38.0,0,0,0,0.0,0,0,0,0
5,2018-04-22,11202,5.0,1,0,1,0.0,0,0,0,0
5,2018-04-29,32640,38.0,1,0,0,0.0,0,0,0,0
5,2018-05-06,11884,7.0,1,0,0,0.0,0,0,0,0
5,2018-05-13,12072,5.0,0,1,0,0.0,0,0,0,0
5,2018-05-20,43299,38.0,1,0,0,0.0,0,0,0,0
5,2018-05-27,44324,38.0,0,1,1,0.0,0,0,0,0
5,2018-06-10,34861,30.0,1,0,0,0.0,0,0,0,0
5,2018-06-17,38287,38.0,0,0,0,0.0,0,0,0,0
5,2018-06-24,14182,7.0,1,0,0,0.0,0,0,0,0
5,2018-07-01,45147,38.0,0,0,0,0.0,0,0,0,0
5,2018-07-08,14632,5.0,0,1,1,0.0,0,0,0,0
5,2018-07-22,31895,30.0,1,0,1,0.0,0,0,0,0
5,2018-07-29,39265,38.0,0,0,0,0.0,0,0,0,0
5,2018-08-05,15446,5.0,0,1,0,0.0,0,0,0,0
5,2018-08-12,46285,38.0,0,0,0,0.0,0,0,0,0
5,2018-08-19,15026,5.0,1,0,1,0.0,0,0,0,0
5,2018-08-26,41251,38.0,0,0,0,0.0,0,0,0,0
5,2018-09-02,13210,5.0,0,1,0,0.0,0,0,0,0
5,2018-09-09,41151,38.0,0,0,0,0.0,0,0,0,0
5,2018-09-16,14818,7.0,0,1,1,0.0,0,0,0,0
5,2018-09-30,27569,30.0,1,0,0,0.0,0,0,0,0
5,2018-10-07,51275,38.0,1,0,0,0.0,0,0,0,0
5,2018-10-14,44702,28.0,0,1,0,0.0,0,0,0,0
5,2018-11-11,25456,28.0,0,1,0,0.0,0,0,0,0
5,2018-11-18,40660,38.0,1,0,1,0.0,0,0,0,0
5,2018-11-25,25478,28.0,0,1,1,0.0,0,0,0,0
5,2018-12-09,12783,7.0,0,1,0,0.0,0,0,0,0
5,2018-12-16,38557,38.0,0,1,0,0.0,0,0,0,0
5,2018-12-23,33821,38.0,0,1,0,0.0,0,0,0,0
5,2018-12-30,7158,13.0,0,0,0,0.0,0,0,0,0
5,2019-01-06,7148,7.0,0,1,1,0.0,0,0,0,0
5,2019-01-13,26272,38.0,0,0,0,0.0,0,0,0,0
5,2019-01-20,8741,7.0,0,1,0,0.0,0,0,0,0
5,2019-01-27,32245,38.0,0,0,0,0.0,0,0,0,0
5,2019-02-03,10101,7.0,0,1,0,0.0,0,0,0,0
5,2019-02-17,11422,7.0,1,0,1,0.0,0,0,0,0
5,2019-02-24,20031,28.0,0,0,0,0.0,0,0,0,0
5,2019-03-03,9715,5.0,1,0,1,0.0,0,0,0,0
5,2019-03-10,21482,28.0,0,0,0,0.0,0,0,0,0
5,2019-03-17,10329,5.0,0,1,1,0.0,0,0,0,0
5,2019-03-31,23003,30.0,1,0,0,0.0,0,0,0,0
5,2019-04-14,8850,7.0,1,0,1,0.0,0,0,0,0
5,2019-04-21,19724,38.0,0,0,0,0.0,0,0,0,0
5,2019-04-28,6545,7.0,1,0,1,0.0,0,0,0,0
5,2019-05-05,21279,38.0,0,0,0,0.0,0,0,0,0
5,2019-05-12,9373,5.0,0,1,1,0.0,0,0,0,0
5,2019-05-26,27378,40.0,0,1,1,0.0,0,0,0,0
5,2019-06-02,34735,38.0,0,0,0,0.0,0,0,0,0
5,2019-06-09,10571,7.0,1,0,1,0.0,0,0,0,0
5,2019-06-16,26709,38.0,1,0,1,0.0,0,0,0,0
5,2019-06-23,24578,28.0,0,1,0,0.0,0,0,0,0
5,2019-06-30,38589,38.0,0,0,0,0.0,0,0,0,0
5,2019-07-07,11271,7.0,0,1,0,0.0,0,0,0,0
5,2019-07-21,26567,30.0,0,1,0,0.0,0,0,0,0
5,2019-07-28,37663,38.0,1,0,0,0.0,0,0,0,0
5,2019-08-04,13397,5.0,0,1,1,0.0,0,0,0,0
5,2019-08-11,40295,38.0,1,0,0,0.0,0,0,0,0
5,2019-08-18,13056,5.0,1,0,0,0.0,0,0,0,0
5,2019-08-25,36294,38.0,0,0,0,0.0,0,0,0,0
5,2019-09-01,12320,7.0,0,1,0,0.0,0,0,0,0
5,2019-09-08,42182,38.0,0,0,0,0.0,0,0,0,0
5,2019-09-15,12848,7.0,0,1,1,0.0,0,0,0,0
5,2019-09-29,23973,30.0,0,1,0,0.0,0,0,0,0
5,2019-10-06,39082,38.0,1,0,0,0.0,0,0,0,0
5,2019-10-13,50881,38.0,0,1,0,0.0,0,0,0,0
5,2019-11-10,29842,28.0,1,0,1,0.0,0,0,0,0
5,2019-11-17,36323,38.0,0,0,0,0.0,0,0,0,0
5,2019-11-24,26587,28.0,0,1,0,0.0,0,0,0,0
5,2019-12-08,13056,7.0,0,0,0,0.0,0,0,0,0
5,2019-12-15,14398,5.0,0,0,0,0.0,0,0,0,0
5,2019-12-22,16213,5.0,0,0,0,0.0,0,0,0,0
5,2019-12-29,6067,5.0,0,0,0,0.0,0,0,0,0
5,2020-01-05,7314,53.0,1,0,1,0.0,0,0,0,0
5,2020-01-12,27657,69.0,0,0,0,0.0,0,0,0,0
5,2020-01-19,9984,53.0,1,0,1,0.0,0,0,0,0
5,2020-01-26,30336,69.0,0,0,0,0.0,0,0,0,0
5,2020-02-02,9831,54.0,1,0,1,0.0,0,0,0,0
5,2020-02-09,32102,69.0,1,0,0,2.36,1,0,0,0
5,2020-02-23,24330,69.0,0,0,0,3.9,1,0,0,0
5,2020-03-01,9934,53.0,1,0,1,3.81,1,0,0,0
5,2020-03-08,24731,69.0,0,0,0,3.01,1,0,0,0
5,2020-03-15,11742,53.0,1,0,0,0.26,1,0,0,0
5,2020-03-22,20879,69.0,0,0,0,-15.7,1,0,0,0
5,2020-05-03,8302,50.0,0,0,0,-18.18,1,0,0,0
5,2020-05-10,7924,0.0,0,0,0,-15.91,1,0,0,0
5,2020-05-17,63725,49.0,0,0,0,-15.27,1,0,0,0
5,2020-05-24,23969,65.0,0,0,0,-13.24,1,0,0,0
5,2020-05-31,29202,64.0,0,0,0,-10.86,1,0,0,0
5,2020-06-07,11104,2.0,1,0,1,-10.13,1,0,0,0
5,2020-06-14,24753,30.0,0,0,0,-8.68,1,0,0,0
5,2020-06-21,11518,13.0,1,0,1,-8.57,1,0,0,0
5,2020-06-28,29560,33.0,0,0,0,-7.5,1,0,0,0
5,2020-07-05,12577,21.0,1,0,1,-8.04,1,0,0,0
5,2020-07-12,27671,42.0,0,0,0,-9.36,1,0,0,0
5,2020-07-19,8670,29.0,1,0,0,-8.77,1,0,0,0
5,2020-07-26,24698,44.0,1,0,1,-9.93,1,0,0,0
5,2020-08-02,69799,55.0,1,0,1,-11.65,1,0,0,0
5,2020-08-09,26276,44.0,0,0,0,-13.23,1,0,0,0
5,2020-08-23,16009,45.0,0,0,0,-19.41,1,0,0,0
5,2020-08-30,8158,29.0,0,1,0,-18.83,1,0,0,0
5,2020-09-06,29805,44.0,0,0,0,-16.44,1,0,0,0
5,2020-09-13,8164,29.0,0,1,1,-7.28,1,0,0,0
5,2020-09-20,80769,54.0,1,0,1,-9.87,1,0,0,0
5,2020-09-27,21692,44.0,1,0,1,-7.79,1,0,0,0
5,2020-10-04,23072,44.0,1,0,1,-9.73,1,0,0,0
5,2020-10-11,42044,44.0,0,1,0,-7.39,1,0,0,0
5,2020-11-08,26445,44.0,1,0,1,-5.95,1,0,0,0
5,2020-11-15,26414,44.0,0,0,0,-7.2,1,0,0,0
